,name,community
0,0,~口区 汉口春天
1,1,~口区 金地悦江时代-1号楼
2,2,~口区 名仕阁小区
3,3,武昌区 付家坡二路8号3栋-1单元
4,4,东西湖区 恒大嘉园
5,5,~口区 ~口金利屋
6,6,江岸区 同福社区
7,7,洪山区 万科金色城市-2002栋
8,8,江夏区 世纪花园6楼
9,9,江岸区 融科天城
10,10,武昌区 环卫小区
11,11,汉阳区 车站前路58号楼
12,12,江岸区 宝岛公寓
13,13,江岸区 盛景花园-5栋
14,14,青山区 碧园小区
15,15,江岸区 美好名流世家
16,16,江汉区 泛海国际・松海园
17,17,汉阳区 新长江香榭琴台-5栋
18,18,江夏区 杨家湾还建楼
19,19,江岸区 袁家墩-125号楼
20,20,江岸区 外滩・棕榈泉-7栋
21,21,青山区 58街坊
22,22,武昌区 黄鹤世家
23,23,洪山区 红星社区
24,24,武昌区 中大长江紫都
25,25,~口区 营北社区-17栋
26,26,武昌区 西厂口社区
27,27,江岸区 石桥花园-3栋
28,28,洪山区 沙湖港湾-B区
29,29,武昌区 湖北省求实法律事务所住宅楼-1幢
30,30,青山区 新奥・依江畔园-10号楼
31,31,洪山区 武汉体育学院家属区24
32,32,武昌区 才华茗苑
33,33,洪山区 保利时代北区-3栋
34,34,武昌区 水陆小区
35,35,青山区 江南春城-17栋
36,36,江汉区 天门墩社区
37,37,青山区 碧苑花园-21栋
38,38,江岸区 百步亭花园现代城-二区
39,39,江汉区 福星华府
40,40,汉阳区 江腾苑-B区
41,41,武昌区 惠誉花园
42,42,洪山区 风度柏林
43,43,武昌区 紫领公寓
44,44,武昌区 常阳丽江城
45,45,江岸区 融科天城
46,46,江夏区 江郡华府-3幢
47,47,武昌区 万福林
48,48,~口区 既济春天园小区
49,49,~口区 天宇盛世滨江
50,50,青山区 钢都花园126街坊
51,51,江岸区 金色未来
52,52,江汉区 妙墩小区-AB栋
53,53,江岸区 金地・京汉1903-B座
54,54,汉阳区 江城明珠
55,55,汉阳区 枫华苑(马鹦路)
56,56,汉阳区 鲤鱼洲家园
57,57,江岸区 同福社区
58,58,江岸区 百步亭・世博园
59,59,武昌区 首义师苑
60,60,江夏区 江夏区关山桥小区
61,61,洪山区 融海杰座
62,62,武昌区 百瑞景中央生活区东二区西区-1栋
63,63,洪山区 城市花园
64,64,~口区 汉口春天
65,65,江岸区 富强天合熙园
66,66,蔡甸区 碧波山庄
67,67,青山区 大华・滨江天地铂金瑞府
68,68,江岸区 田园小区
69,69,汉阳区 汉桥金福世家
70,70,洪山区 加州阳光
71,71,洪山区 保利心语社区
72,72,洪山区 万科嘉园
73,73,武昌区 汉飞逛逛街-1号楼
74,74,洪山区 曙光星城
75,75,江岸区 悦秀苑
76,76,洪山区 百胜青城壹品
77,77,青山区 58街坊
78,78,江岸区 天悦外滩金融中心A栋
79,79,洪山区 金地雄楚-1号
80,80,~口区 时代天骄
81,81,武昌区 沈家湾花园小区
82,82,武昌区 中国铁建・1818中心-7-1栋
83,83,武昌区 万达御湖世家
84,84,~口区 中城・长青国际-3栋
85,85,汉阳区 华润中央公园-二期
86,86,青山区 八大家花园43街坊-20栋
87,87,江岸区 华清园
88,88,~口区 同馨花园-二期
89,89,洪山区 北辰光谷里
90,90,洪山区 红霞新村|-B36栋
91,91,not sure
92,92,汉阳区 江欣苑社区-120栋
93,93,汉阳区 王家湾商圈-1号楼
94,94,江岸区 蔡家田社区A区-36栋
95,95,武昌区 嘉景花园
96,96,蔡甸区 金凯公寓
97,97,~口区 幸乐村-10号楼
98,98,青山区 钢花新村115街坊
99,99,江岸区 黄孝河故道住宅工程第6栋
100,100,武昌区 武昌区粮道街道中医社区
101,101,洪山区 银海・东湖珞珈
102,102,汉阳区 广电兰亭盛荟-二期
103,103,江岸区 融科天城
104,104,东西湖区 沿海丽水佳园
105,105,~口区 百姓之春
106,106,青山区 江南春城-17栋
107,107,青山区 红钢城五街坊
108,108,武昌区 花园余家湖上段小区-2栋
109,109,洪山区 北港教师小区
110,110,江汉区 常青一院
111,111,江岸区 万锦江城-12栋
112,112,汉阳区 赛博思黄金口岸
113,113,武昌区 中南电力设计院二生活区-22栋
114,114,东西湖区 亿达华庭-1栋
115,115,~口区 武汉市汉正街华贸商城-1号楼
116,116,青山区 碧苑花园
117,117,洪山区 保利时代北区-3栋
118,118,江岸区 融科天城
119,119,洪山区 花山郡
120,120,新洲区 观湖天下
121,121,~口区 江山如画-六期
122,122,武昌区 华润置地橡树湾二期-B5栋
123,123,江岸区 黄合二村-27号楼
124,124,洪山区 鹿鸣苑
125,125,江岸区 华润・桃源里
126,126,~口区 地质村-29号楼
127,127,洪山区 幸福佳苑
128,128,青山区 21街坊
129,129,新洲区 吴陈湾-29号楼
130,130,洪山区 东方雅园-一期
131,131,武昌区 中泰花园
132,132,~口区 广电・江湾新城
133,133,汉阳区 江欣苑
134,134,~口区 天顺园-1017号楼
135,135,江汉区 顶L晶城
136,136,~口区 天宇盛世滨江
137,137,青山区 曾张王-6号楼
138,138,江夏区 现代・森林小镇
139,139,蔡甸区 文昌街178号-14栋
140,140,江岸区 融科天城
141,141,~口区 同馨花园-二期
142,142,汉阳区 汉阳华立苑
143,143,汉阳区 五墨里社区
144,144,~口区 天顺园六组团
145,145,~口区 香港映象
146,146,~口区 红燕四巷-13号楼
147,147,洪山区 东方雅园
148,148,汉阳区 桃花岛城市花园
149,149,汉阳区 汤家咀小区
150,150,青山区 航舵小区-19栋
151,151,汉阳区 鹦鹉花园
152,152,汉阳区 太子湖畔星苑小区
153,153,青山区 东兴天地-D区
154,154,江岸区 城开星园-9号楼
155,155,青山区 新奥・依江畔园-10号楼
156,156,汉阳区 五里汉城
157,157,汉阳区 观澜高尔夫公馆-10号楼
158,158,洪山区 鑫宇花园
159,159,汉阳区 龙江庭院-C区
160,160,武昌区 秦园居
161,161,江岸区 惠民居
162,162,洪山区 北港教师小区
163,163,武昌区 君临天下
164,164,~口区 3604小区1期-3号楼
165,165,武昌区 付家坡二路8号3栋-1单元
166,166,江岸区 惠济小区
167,167,洪山区 金银岛花园
168,168,东西湖区 华生汉口城市广场-四期
169,169,汉阳区 世纪龙城-2期
170,170,江岸区 温馨苑-AB区
171,171,洪山区 紫菘・枫林上城
172,172,江岸区 常阳・永清城-3栋
173,173,东西湖区 金湖听语
174,174,江岸区 地铁鑫城
175,175,青山区 红钢城五街坊
176,176,东西湖区 常安佳苑
177,177,洪山区 青青花园小区
178,178,~口区 丽景苑小区
179,179,江岸区 江岸君安花园-7号楼
180,180,武昌区 民主路二村-14号楼
181,181,江岸区 竹叶苑
182,182,武昌区 梅苑小区
183,183,江汉区 复兴新村小区
184,184,洪山区 天下龙岭广场
185,185,江夏区 杨家湾还建楼
186,186,武昌区 友谊国际1期6栋
187,187,洪山区 金鹤园小区-1号楼
188,188,武昌区 莲溪寺南村铁路小区
189,189,汉阳区 十里景秀-14栋
190,190,青山区 3街坊
191,191,江岸区 德润大厦
192,192,江岸区 锦湖金利花园-二期
193,193,洪山区 现代世贸中心-B栋
194,194,青山区 红钢城五街坊
195,195,洪山区 现代森林花园
196,196,江夏区 郑店同兴小区
197,197,江岸区 台北四村
198,198,武昌区 后补街-37号楼
199,199,江汉区 新华家园悦景居
200,200,武昌区 团结名居桂园
201,201,汉阳区 汉桥城中花园
202,202,武昌区 梅苑小区-212幢
203,203,~口区 银舵新都
204,204,江岸区 滨江苑三期-5栋
205,205,武昌区 友谊国际1期6栋
206,206,洪山区 华腾园
207,207,~口区 天顺园六组团
208,208,江岸区 海赋江城天韵
209,209,江汉区 复兴新村小区
210,210,江汉区 任冬社区
211,211,青山区 钢都花园-124街坊
212,212,汉阳区 汉阳城
213,213,汉阳区 桥机嘉园
214,214,江岸区 银泰御华园
215,215,~口区 银舵新都
216,216,江岸区 盛景天地盛景公馆
217,217,~口区 弘西花园
218,218,~口区 汉口春天
219,219,江岸区 融科天城
220,220,江岸区 湖北省武汉市江岸区百步亭花园(百步华庭南区)
221,221,江岸区 东立国际
222,222,武昌区 涂家沟-63号楼
223,223,~口区 同馨花园-二期
224,224,洪山区 中建福地星城
225,225,武昌区 中泰花园
226,226,汉阳区 广电兰亭时代-7栋
227,227,江岸区 堤角小区
228,228,~口区 武汉航天城
229,229,武昌区 汇文新都
230,230,汉阳区 玫瑰园西村-103号楼
231,231,武昌区 丁字桥向阳佳苑-A区
232,232,洪山区 关山街道汽标社区
233,233,汉阳区 观澜高尔夫公馆-10号楼
234,234,洪山区 东方玉龙居
235,235,东西湖区 鑫桥新村-4号楼
236,236,江岸区 延昌里-10号楼
237,237,江岸区 百步亭・金桥汇-2期
238,238,东西湖区 将军新村二期-2栋
239,239,武昌区 水院小区
240,240,江岸区 丹水国际-1号楼
241,241,江岸区 锦湖金利花园-二期
242,242,~口区 电信小区
243,243,洪山区 葛洲坝世纪花园-二期
244,244,洪山区 鹏程蕙园
245,245,东西湖区 裕亚银湖城-南苑
246,246,江岸区 西马名仕-7号楼
247,247,武昌区 磨山小区
248,248,武昌区 银海花园南区-3栋
249,249,江岸区 堤角小区
250,250,武昌区 江南公寓南区-11栋
251,251,江岸区 天隆里-14号楼
252,252,汉阳区 江汉二桥街道知音西苑社区
253,253,汉阳区 润帝嘉园
254,254,汉阳区 复地翠微新城
255,255,~口区 天宇盛世滨江
256,256,武昌区 719所-22栋
257,257,~口区 紫润明园北区-44栋
258,258,青山区 107街坊
259,259,江夏区 乔亚国际广场
260,260,汉阳区 龙江庭院-7栋楼
261,261,~口区 学堂社区
262,262,汉阳区 五墨里社区
263,263,东西湖区 走马岭汉江湖畔小区
264,264,武昌区 丁字桥向阳佳苑-A区
265,265,洪山区 东亭新嘉源
266,266,武昌区 胭脂山庄
267,267,江岸区 三眼桥三村-659号楼
268,268,~口区 时代天骄
269,269,~口区 汇丰企业总部-4号楼
270,270,武昌区 首义新村-226号楼
271,271,汉阳区 玫瑰园西村-132号楼
272,272,江汉区 顶L国际城一期(A区)
273,273,汉阳区 琴断岭-2号楼
274,274,洪山区 沙湖港湾
275,275,洪山区 紫菘・枫林上城
276,276,洪山区 保利蓝海郡
277,277,江汉区 常文里-17号楼
278,278,江岸区 怡美广场
279,279,~口区 飞帆小区-3号楼
280,280,洪山区 红旗欣居-A区
281,281,江岸区 港台公寓
282,282,~口区 保利・香槟国际-9栋
283,283,江岸区 融科天城
284,284,江岸区 声直大厦-A座
285,285,江岸区 长江委协昌里小区
286,286,洪山区 湘龙鑫城-15栋
287,287,武昌区 橡树湾
288,288,汉阳区 建桥新村-144号楼
289,289,洪山区 和盛世家(梨园侧路)
290,290,东西湖区 企业总部-3栋
291,291,青山区 青山绿水花园
292,292,洪山区 保利公园九里
293,293,~口区 汉水三村小区
294,294,汉阳区 五园里社区
295,295,洪山区 东湖景园-A区
296,296,洪山区 和盛世家(梨园侧路)
297,297,江汉区 双龙小区
298,298,黄陂区 中央名都
299,299,江岸区 青青美庐
300,300,青山区 58街坊
301,301,东西湖区 散放墩-31号楼
302,302,江汉区 常青(二院)
303,303,~口区 宗关街道发展社区
304,304,江汉区 新华家园悦景居
305,305,~口区 宝康苑-2栋
306,306,汉阳区 新城春天里
307,307,汉阳区 王家湾中央生活区
308,308,洪山区 金梭花园
309,309,江汉区 新华家园悦景居
310,310,武昌区 四清里社区
311,311,武昌区 东湖春树里-2栋
312,312,汉南区 兴业佳园
313,313,洪山区 风度柏林-三期
314,314,洪山区 金地雄楚-1号
315,315,江汉区 福星华府
316,316,~口区 丰竹园-3栋
317,317,江岸区 悦秀苑
318,318,青山区 钢花村街118社区
319,319,武昌区 首义新村-226号楼
320,320,汉阳区 新城丽景-A区
321,321,~口区 华鼎・丽都国际-3栋
322,322,东西湖区 武汉恒大城-1期
323,323,青山区 钢都花园-123街坊
324,324,江岸区 悦秀苑
325,325,武昌区 福星惠誉国际城-8号楼
326,326,青山区 大华・滨江天地铂金瑞府
327,327,汉阳区 麒麟小区
328,328,江岸区 百步亭现代城-四区
329,329,东西湖区 开屏里社区
330,330,武昌区 水陆小区
331,331,新洲区 蔡阮家湾-1号楼
332,332,~口区 古雅社区
333,333,~口区 全新社区-E栋楼
334,334,洪山区 华中师范大学西区学生宿舍-2号
335,335,洪山区 毛坦港湾
336,336,洪山区 保利浅水湾
337,337,青山区 新奥・依江畔园-10号楼
338,338,汉阳区 汉阳区钰龙湾小区11栋
339,339,青山区 新奥・依江畔园-10号楼
340,340,江岸区 江大路工科院小区
341,341,东西湖区 将军新村四期-1栋
342,342,~口区 桂苑西村
343,343,东西湖区 鑫桥新村-4号楼
344,344,武昌区 阳光年华-1栋
345,345,青山区 碧苑花园
346,346,洪山区 阳光社区
347,347,东西湖区 博大学府花园
348,348,武昌区 黄鹤小区-17号楼
349,349,洪山区 保利城
350,350,~口区 崇仁新都
351,351,洪山区 保利才盛景苑
352,352,江岸区 航天双城-7栋
353,353,江岸区 同安家园
354,354,~口区 尚义社区
355,355,武昌区 九龙井小区临-7号楼
356,356,汉阳区 十里和府
357,357,~口区 长寿社区
358,358,江岸区 开源阳光城
359,359,汉阳区 鲤鱼洲家园
360,360,~口区 汉口春天
361,361,汉阳区 钰龙湾汇园
362,362,青山区 19街坊
363,363,青山区 白玉山1街坊
364,364,~口区 团结佳兴园
365,365,汉阳区 汉桥城中花园-C区
366,366,汉阳区 SOHO公寓
367,367,江岸区 盛世东方-22栋
368,368,~口区 古田社区
369,369,汉阳区 玫瑰园西村-132号楼
370,370,~口区 汉水三村小区
371,371,武昌区 九坤秦南都汇-B栋
372,372,江岸区 金桥汇-a栋
373,373,江岸区 光明上海公馆
374,374,江汉区 汉来广场
375,375,武昌区 水岸国际・SOHO公寓
376,376,洪山区 武丰佳园-9栋
377,377,汉阳区 鹦鹉花园
378,378,~口区 既济电力商城-A栋
379,379,江岸区 融科天城
380,380,武昌区 名邸公馆
381,381,江岸区 统建大江园-北苑
382,382,江汉区 恒大御园
383,383,江岸区 汉口花园小区
384,384,~口区 圣锦苑
385,385,武昌区 水陆小区
386,386,洪山区 北港教师小区
387,387,汉阳区 江城明珠
388,388,~口区 武胜人信汇
389,389,汉阳区 阳光城十里新城
390,390,江岸区 宝岛社区
391,391,洪山区 元宝山
392,392,汉阳区 锦绣雅苑
393,393,江岸区 星悦城三期-5栋
394,394,江汉区 思联・花园城-2栋
395,395,江汉区 福星惠誉・福星城-北区
396,396,汉阳区 御水华城
397,397,~口区 中民・长青里
398,398,青山区 58街坊
399,399,江汉区 青年广场-B座
400,400,江岸区 美好名流世家
401,401,江岸区 银泰御华园
402,402,江岸区 同福社区
403,403,~口区 中民长青国际
404,404,武昌区 楚天都市花园-D座
405,405,洪山区 广八路社区
406,406,江岸区 长江委协昌里小区
407,407,武昌区 百瑞景中央生活区一期-7号楼
408,408,汉阳区 枫华苑(马鹦路)
409,409,江岸区 滨江苑-二期
410,410,武昌区 杨园街变电社区-24幢
411,411,江汉区 天润・北湖假日花园-5栋
412,412,~口区 云鹤园
413,413,汉阳区 江腾苑-B区
414,414,江岸区 中森华国际城
415,415,青山区 红钢城五街坊
416,416,武昌区 友谊国际1期6栋
417,417,新洲区 蔡七房田湾-13号楼
418,418,武昌区 北环路小区-3栋
419,419,汉阳区 洲头二村-127号楼
420,420,江岸区 融科天城
421,421,洪山区 保利花园
422,422,~口区 盛世长丰
423,423,武昌区 香格里嘉园-C栋
424,424,洪山区 楚天都市沁园
425,425,江岸区 泰兴里-7号楼
426,426,汉阳区 观澜高尔夫公馆-10号楼
427,427,~口区 武汉航天城
428,428,江岸区 悦秀苑
429,429,~口区 丽水康城-11栋
430,430,青山区 青馨居
431,431,江岸区 武汉武汉江岸区
432,432,洪山区 南湖社区
433,433,江岸区 武汉武汉江岸区
434,434,~口区 居仁门
435,435,汉南区 湘隆小区
436,436,江岸区 武汉市消防支队经适房小区消防人家
437,437,~口区 广电兰亭荣荟
438,438,~口区 时代天骄
439,439,~口区 中御公馆-3号楼
440,440,武昌区 粮道街192号-A栋
441,441,~口区 丰华园
442,442,武昌区 九龙井小区
443,443,江夏区 豹驶菇ㄐ∏6期
444,444,~口区 广电・江湾新城
445,445,汉阳区 广电兰亭盛荟
446,446,汉阳区 邵牛湾-126号楼
447,447,蔡甸区 万家湖社区(A区)
448,448,江夏区 铁张湾-1号楼
449,449,not sure
450,450,江岸区 金色未来
451,451,~口区 美好香域花境住户满意中心
452,452,青山区 58街坊
453,453,江岸区 黄浦社区(武汉大道)
454,454,武昌区 九龙井小区临-7号楼
455,455,东西湖区 龙竹苑-22号
456,456,武昌区 东龙世纪花园-百花居
457,457,江岸区 后九万方-二村
458,458,武昌区 阳光小区
459,459,江汉区 世纪江尚-1号楼
460,460,洪山区 三金雄楚天地
461,461,武昌区 城市花园
462,462,洪山区 关西小区
463,463,江岸区 新荣苑
464,464,武昌区 水陆小区
465,465,not sure
466,466,~口区 同济第二门诊部10号楼
467,467,江岸区 城开天兴花园
468,468,洪山区 大华南湖公园世家-一期
469,469,黄陂区 香域华府-7栋
470,470,洪山区 保利・心语物业服务中心-9期
471,471,江岸区 融科天城
472,472,洪山区 玲珑汇小区
473,473,青山区 新奥・依江畔园-10号楼
474,474,洪山区 沙湖港湾-B区
475,475,东西湖区 亿达华庭-1栋
476,476,汉阳区 名流公馆-NK4区
477,477,武昌区 水岸国际・SOHO公寓
478,478,东西湖区 走马岭汉江湖畔小区
479,479,汉阳区 江城明珠
480,480,洪山区 左岭新城二社区-2栋
481,481,洪山区 金鹤园
482,482,~口区 常码头社区
483,483,~口区 汉水三村小区
484,484,武昌区 昙华林艺术村-9号楼
485,485,武昌区 张家湾小区-54栋
486,486,汉阳区 鹦鹉花园
487,487,洪山区 保利花园
488,488,江夏区 桃花源
489,489,江岸区 泰兴里-7号楼
490,490,江汉区 雅典居-B座号楼
491,491,洪山区 玲珑汇小区
492,492,青山区 青教花园
493,493,江岸区 盛世东方-16栋
494,494,江岸区 长江新城平安苑小区
495,495,江岸区 航天双城-7栋
496,496,江岸区 罗家庄社区
497,497,青山区 武汉恒大御府
498,498,江汉区 穗丰花园-四期
499,499,~口区 同馨花园-二期
500,500,洪山区 蓝晶绿洲
501,501,~口区 同馨花园-二期
502,502,黄陂区 晓钟里-19号楼
503,503,~口区 汉口春天
504,504,青山区 临江港湾-4栋
505,505,青山区 白玉山泰乐物业小区-11栋
506,506,武昌区 团结新村-北区
507,507,武昌区 统建锦绣江南-25号楼
508,508,汉阳区 恒大城一期-23栋
509,509,江岸区 中央华城
510,510,江岸区 融科天城
511,511,洪山区 阳光社区
512,512,蔡甸区 摩天逸品
513,513,~口区 花好月圆-A栋
514,514,江岸区 育才一村-102号楼
515,515,武昌区 新大地家园
516,516,江汉区 民意街天仁社区-11栋
517,517,~口区 古田社区
518,518,武昌区 团结新村
519,519,~口区 香港映象
520,520,~口区 天宇万象国际
521,521,武昌区 华润置地橡树湾二期-B5栋
522,522,武昌区 汇文新都
523,523,洪山区 保利才盛景苑
524,524,~口区 团结佳兴园
525,525,~口区 丽水康城小区
526,526,青山区 怡兴小区
527,527,青山区 泰乐小区-56号楼
528,528,洪山区 观庭・金色世家-A区
529,529,~口区 发展三村-87号楼
530,530,洪山区 东方雅园
531,531,汉阳区 华发未来荟
532,532,洪山区 东方雅园-三期
533,533,汉阳区 琴台社区
534,534,江岸区 光华社区-2栋
535,535,武昌区 梅苑小区-212幢
536,536,武昌区 江南公寓南区-11栋
537,537,东西湖区 常青花园11号小区-13栋
538,538,汉阳区 江城明珠-4栋
539,539,~口区 汉口春天
540,540,汉阳区 桥机嘉园
541,541,洪山区 金地・格林小城莱茵区-二区
542,542,青山区 八大家花园43街坊-20栋
543,543,武昌区 建设新村-117号楼
544,544,江岸区 融科天城
545,545,江岸区 科技苑小区
546,546,洪山区 欧洲花园
547,547,江岸区 君悦尚品
548,548,~口区 同馨花园-二期
549,549,青山区 八大家花园43街坊-20栋
550,550,青山区 绿地香树花城-A4号楼
551,551,洪山区 当代光谷智慧城
552,552,~口区 天顺园九组团
553,553,汉阳区 汉阳・磨山港湾2期
554,554,江岸区 建设新村
555,555,汉阳区 汉沙社区
556,556,江岸区 融科天城
557,557,青山区 新奥・依江畔园-10号楼
558,558,武昌区 银海花园-南区
559,559,江岸区 中森华国际城
560,560,东西湖区 常青花园11号小区-13栋
561,561,~口区 韩家墩街道古四社区
562,562,武昌区 楚天都市花园-D座
563,563,江汉区 香缇美景
564,564,洪山区 菜科所小区
565,565,武昌区 广里堤-92号楼
566,566,武昌区 汉飞滨江国际
567,567,江汉区 精武路37号楼
568,568,~口区 特一号小区
569,569,~口区 日月佳苑-A4栋
570,570,洪山区 天地源荷景苑
571,571,江汉区 阳光花园2期-26栋
572,572,~口区 美奇国际公寓-2号楼
573,573,~口区 时代天骄
574,574,蔡甸区 正阳大悦城
575,575,汉阳区 万通工业园第11栋
576,576,汉阳区 龙江庭院
577,577,洪山区 花山街道碧桂园社区
578,578,江汉区 天嘉园
579,579,江汉区 常青一院
580,580,洪山区 沙湖港湾-B区
581,581,汉阳区 自力新村
582,582,江岸区 育才一村-92号
583,583,洪山区 福星惠誉东湖城-2期
584,584,江岸区 东立国际-三期
585,585,青山区 中交江锦湾
586,586,武昌区 金沙苑
587,587,汉阳区 锦绣长江-一期
588,588,江汉区 复兴二村
589,589,~口区 古田社区
590,590,洪山区 027社区
591,591,江岸区 花桥一村
592,592,洪山区 左岭新城
593,593,~口区 汉口春天
594,594,汉阳区 南静苑小区
595,595,青山区 八大家花园四十二街坊-17栋
596,596,江岸区 丹水国际-1号楼
597,597,江岸区 航天双城-7栋
598,598,~口区 团结佳兴园
599,599,武昌区 翠湖苑
600,600,洪山区 梅竹园小区
601,601,~口区 广电・江湾新城
602,602,~口区 南垸小区
603,603,~口区 天宇盛世滨江
604,604,武昌区 九龙井小区临-7号楼
605,605,洪山区 爱家国际华城
606,606,洪山区 保利・心语物业服务中心-9期
607,607,洪山区 板桥小区
608,608,洪山区 武铁佳苑
609,609,汉阳区 观澜国际
610,610,武昌区 首义新村-226号楼
611,611,洪山区 江南家园
612,612,洪山区 金地格林东郡
613,613,洪山区 东亭新嘉源
614,614,武昌区 八一路铁路小区
615,615,武昌区 涂家沟-63号楼
616,616,江岸区 佳园小区
617,617,汉阳区 铁桥新家园4期-15栋
618,618,江岸区 模范新村-59号楼
619,619,江汉区 精武路37号楼
620,620,洪山区 徐东馨苑
621,621,江岸区 滨江苑三期-5栋
622,622,江岸区 武汉铁路黄埔住宅小区
623,623,~口区 花好月圆-A栋
624,624,武昌区 汇文新都
625,625,江汉区 常青(二院)
626,626,黄陂区 香域华府-7栋
627,627,洪山区 玲珑汇小区
628,628,江汉区 CBD楚世家
629,629,洪山区 城开青菱城市花园
630,630,洪山区 烽火崇文兰庭
631,631,青山区 钢都花园126街坊
632,632,洪山区 光谷青年城
633,633,武昌区 水果湖街青鱼嘴社区-19栋
634,634,~口区 鑫海花园-1幢
635,635,洪山区 风度柏林
636,636,~口区 广电・江湾新城
637,637,武昌区 武汉大学南三区-16栋
638,638,武昌区 长城嘉苑
639,639,青山区 向家尾村
640,640,洪山区 关山小区
641,641,武昌区 武汉理工大学余家头校区海虹-5栋
642,642,武昌区 友谊国际1期6栋
643,643,江汉区 任冬天下
644,644,青山区 钢都花园126街坊
645,645,武昌区 恒大首府
646,646,青山区 八大家花园-44号楼
647,647,江岸区 天悦外滩金融中心A栋
648,648,江岸区 文卉苑
649,649,汉阳区 五檀里社区(汉阳大道)
650,650,江岸区 百步亭花园现代城-二区
651,651,武昌区 华天明珠花园
652,652,东西湖区 常青花园14小区
653,653,洪山区 徐东馨苑
654,654,~口区 同济第二门诊部10号楼
655,655,东西湖区 翠林雅居
656,656,汉阳区 金龙花园-12号楼
657,657,洪山区 鹏程国际
658,658,~口区 宗关街道发展社区
659,659,江汉区 阳光花园北苑-2栋
660,660,江岸区 江汉北村-18号楼
661,661,~口区 汉口春天
662,662,青山区 钢花117社区-一冶116片
663,663,江汉区 浩海丰太花园-1幢
664,664,~口区 江山如画-1期
665,665,江汉区 福星惠誉・福星城-北区
666,666,~口区 江山如画-三期
667,667,洪山区 紫菘・枫林上城
668,668,武昌区 怡景园-5号楼
669,669,洪山区 紫菘・枫林上城
670,670,青山区 钢花南苑
671,671,洪山区 阳光社区
672,672,洪山区 金地自在城K3-4栋
673,673,汉阳区 江汉二桥街道知音西苑社区
674,674,汉阳区 钢管小区
675,675,~口区 长寿社区
676,676,~口区 古田社区
677,677,江岸区 融科天城
678,678,青山区 钢花新村一一九街坊
679,679,~口区 建国社区
680,680,武昌区 江宏新村小区
681,681,~口区 天勤花园
682,682,洪山区 华中师范大学西区学生宿舍-2号
683,683,青山区 红钢城五街坊
684,684,武昌区 紫领公寓
685,685,汉阳区 水岸人家小区-1号楼
686,686,~口区 既济春天园小区
687,687,武昌区 中南龙庭
688,688,洪山区 珞南街道四眼井社区
689,689,武昌区 英特小区
690,690,江岸区 三阳小区-9号楼
691,691,~口区 玉带三村
692,692,~口区 丽景苑小区
693,693,武昌区 燃料小区
694,694,江汉区 天润・北湖假日花园-5栋
695,695,~口区 集宝里社区
696,696,江岸区 花桥一村-15号楼
697,697,江汉区 新育社区出版社小区-5栋
698,698,汉阳区 御水华城
699,699,~口区 汉口春天
700,700,~口区 融侨锦城-22栋
701,701,武昌区 中大长江紫都-六期
702,702,汉阳区 新长江・香榭琴台墨园
703,703,武昌区 滨湖名都城
704,704,青山区 八大家花园43街坊-20栋
705,705,~口区 民意社区
706,706,江汉区 中大社区
707,707,武昌区 东湖春树里-1栋
708,708,青山区 58街坊
709,709,汉阳区 滨江怡畅园-19栋
710,710,汉阳区 五墨里社区
711,711,洪山区 狮城公寓
712,712,洪山区 铁机西区
713,713,洪山区 鹏程蕙园
714,714,东西湖区 金山小区
715,715,青山区 青和居-17栋
716,716,~口区 汉口春天
717,717,青山区 钢都花园-123街坊
718,718,江岸区 长青广场
719,719,汉阳区 翘楚居
720,720,青山区 航舵小区-19栋
721,721,武昌区 平安花园
722,722,汉阳区 芳卉园-29栋
723,723,洪山区 银海雅苑-B座
724,724,汉阳区 水岸人家小区-1号楼
725,725,青山区 新奥・依江畔园-10号楼
726,726,汉阳区 五里二村-1号楼
727,727,新洲区 祝家淌70号楼
728,728,洪山区 华腾园
729,729,武昌区 百瑞景中央生活区东二区西区-1栋
730,730,江夏区 豹噬缜
731,731,江岸区 新远大花园
732,732,洪山区 保利・心语三期-22栋
733,733,汉阳区 保利香颂
734,734,青山区 钢都花园-123街坊
735,735,东西湖区 合一星光天地
736,736,江岸区 盛景天地盛景公馆
737,737,洪山区 保利蓝海郡
738,738,东西湖区 天纵・半岛蓝湾-2期
739,739,武昌区 林泰华府
740,740,~口区 正康花园
741,741,洪山区 东方雅园-一期
742,742,~口区 广电江湾新城-22栋
743,743,汉阳区 玫瑰园西村-132号楼
744,744,江岸区 尚德里
745,745,武昌区 百瑞景2期东区-5栋
746,746,汉阳区 翘楚居
747,747,江夏区 保利海上五月花
748,748,江岸区 新地・东方华府-4栋
749,749,洪山区 丽岛柳园
750,750,~口区 美奇国际公寓-2号楼
751,751,~口区 汉口春天
752,752,青山区 航舵小区-19栋
753,753,江汉区 盛丰花园-3号楼
754,754,江岸区 名雅居
755,755,武昌区 汇文新都
756,756,汉阳区 丽湖花园-二期
757,757,洪山区 七环科技公寓
758,758,~口区 宝康苑
759,759,武昌区 紫沙金苑
760,760,~口区 江山樾
761,761,洪山区 粮科院
762,762,洪山区 华腾园
763,763,江汉区 城开汉口秀园
764,764,东西湖区 亿达华庭-1栋
765,765,武昌区 湖北省求实法律事务所住宅楼-1幢
766,766,青山区 大华铂金华府
767,767,武昌区 嘉园大厦-12栋
768,768,武昌区 涂家沟-17号楼
769,769,洪山区 阳光社区
770,770,江岸区 台北二村-36号楼
771,771,江汉区 水仙里社区-13栋
772,772,黄陂区 汉北尚都
773,773,江夏区 凤凰花园-3期
774,774,武昌区 水陆小区
775,775,武昌区 百瑞景中央生活区一期-1栋
776,776,洪山区 洪山区机关住宅小区
777,777,汉阳区 王家湾功臣楼
778,778,东西湖区 华星融城
779,779,洪山区 光谷满庭春MOMΛ焕城
780,780,~口区 丽景苑小区
781,781,武昌区 秦园居
782,782,江岸区 佳园小区
783,783,江汉区 红玫苑
784,784,汉阳区 江景园
785,785,武昌区 合汇佳苑
786,786,青山区 新奥・依江畔园-10号楼
787,787,汉阳区 雅丽花园-一期
788,788,洪山区 虹景花园
789,789,武昌区 中泰花园
790,790,洪山区 东湖景园-C区
791,791,洪山区 铁机盛世家园
792,792,江岸区 华港苑
793,793,汉阳区 观澜高尔夫公馆-10号楼
794,794,~口区 金地悦江时代-1号楼
795,795,洪山区 关西小区
796,796,汉阳区 赏新园
797,797,~口区 天宇盛世滨江
798,798,江岸区 盛景花园-5栋
799,799,~口区 秦水名邸
800,800,洪山区 保利花园
801,801,武昌区 统建锦绣江南-25号楼
802,802,汉阳区 汉桥城中花园-C区
803,803,江汉区 东一时区-B座
804,804,洪山区 爱家国际华城
805,805,汉阳区 中海琴台华府
806,806,not sure
807,807,~口区 营房村
808,808,江岸区 同福社区
809,809,武昌区 南湖花园温馨苑(瑞安街)
810,810,江岸区 同安家园-13号楼
811,811,江岸区 东立国际-三期
812,812,江岸区 航天双城-7栋
813,813,武昌区 水陆社区11栋对面小区
814,814,江夏区 天纵水晶郦都
815,815,武昌区 江宏新村小区
816,816,洪山区 洪福家园
817,817,武昌区 名邸公馆
818,818,武昌区 华锦花园
819,819,~口区 滨水香苑
820,820,~口区 韩家墩街道古四社区
821,821,汉阳区 桃花岛城市花园
822,822,江岸区 汉口花园-四期
823,823,江岸区 东方恒星园
824,824,江夏区 南波湾
825,825,~口区 省公路局小区13栋
826,826,洪山区 武丰佳园-9栋
827,827,~口区 天顺园六组团
828,828,青山区 钢花117社区-一冶116片
829,829,~口区 荣华西村小区
830,830,武昌区 武昌公安分局住宅小区
831,831,汉阳区 金龙花园怡景阁-9号楼
832,832,汉阳区 桥东村47栋
833,833,青山区 新奥・依江畔园-10号楼
834,834,~口区 盛世长丰
835,835,~口区 公路社区-31栋
836,836,黄陂区 张家冲湾-48号楼
837,837,江夏区 锦绣龙城G区-57栋
838,838,江汉区 东航小区
839,839,洪山区 东原湖光里
840,840,江岸区 黄埔佳苑
841,841,江岸区 锦湖花园-1栋
842,842,洪山区 长江鑫都
843,843,江岸区 温馨苑-AB区
844,844,~口区 百姓之春-21号楼
845,845,洪山区 虹景花园
846,846,洪山区 南望山庄
847,847,汉阳区 宝安汉水琴台
848,848,洪山区 东湖景园-A区
849,849,江岸区 中城国际2栋-2单元
850,850,青山区 大华铂金华府
851,851,江汉区 思联・花园城
852,852,~口区 天宇盛世滨江
853,853,江岸区 幸福湾星润
854,854,洪山区 中建南湖壹号
855,855,~口区 华鼎・丽都国际-3栋
856,856,汉阳区 江欣苑
857,857,~口区 丰竹园
858,858,江岸区 云林社区
859,859,黄陂区 金霞里1附-1号楼
860,860,江岸区 湖北省武汉市江岸区百步亭花园(百步华庭南区)
861,861,武昌区 佳馨花园-2期
862,862,洪山区 金梭花园
863,863,武昌区 名邸公馆
864,864,汉阳区 汉博佳园
865,865,洪山区 三金雄楚天地
866,866,汉阳区 新澳蓝草坪
867,867,~口区 丰华园
868,868,东西湖区 将军新村二期-2栋
869,869,江汉区 精武路37号楼
870,870,~口区 既济春天园小区
871,871,汉阳区 万科新世纪翡翠滨江
872,872,not sure
873,873,武昌区 锦绣中北A栋
874,874,~口区 锦荣花园
875,875,洪山区 保利・中央公馆-G1栋
876,876,青山区 钢花新村115街坊
877,877,黄陂区 万润橄榄城
878,878,江岸区 佳园小区
879,879,武昌区 首义新村-226号楼
880,880,武昌区 澜桥公馆-6号楼
881,881,江汉区 世纪江尚-1号楼
882,882,江岸区 融科天城
883,883,~口区 正康花园
884,884,~口区 宝康苑
885,885,江岸区 京汉花园
886,886,not sure
887,887,洪山区 华城花园
888,888,黄陂区 金霞里1附-1号楼
889,889,汉阳区 江景园
890,890,江岸区 航天双城-7栋
891,891,~口区 天宇盛世滨江
892,892,青山区 青宜居
893,893,江岸区 恒昌・欧景华庭-AB栋
894,894,东西湖区 颐和家园
895,895,武昌区 首义新村
896,896,江汉区 天嘉园
897,897,洪山区 东湖景园-A区
898,898,江汉区 万景花园-C栋
899,899,新洲区 双柳街龙口社区
900,900,江岸区 中森华国际城
901,901,~口区 广电・江湾新城
902,902,武昌区 武车一村
903,903,~口区 赛达国际
904,904,青山区 现代花园
905,905,洪山区 泓悦府
906,906,青山区 钢花村街118社区
907,907,汉阳区 长航新村-6号楼
908,908,~口区 宝康苑
909,909,洪山区 香榭苑
910,910,江汉区 常青一院
911,911,江岸区 福星惠誉红桥城
912,912,~口区 崇仁新都
913,913,洪山区 金鹤园
914,914,武昌区 武昌晒湖小区
915,915,~口区 居仁门
916,916,汉阳区 博大星光国际
917,917,汉阳区 名流公馆
918,918,汉阳区 马沧湖小区
919,919,江岸区 光华社区-2栋
920,920,江岸区 荷花苑
921,921,青山区 八大家花园43街坊-20栋
922,922,汉阳区 翠微福苑
923,923,~口区 武汉市公安局~口区分局宗关街派出所-小区
924,924,青山区 20街坊小区
925,925,青山区 美地家园
926,926,洪山区 武汉市无线电小区
927,927,洪山区 东方玉龙居-1号楼
928,928,江岸区 丹水嘉苑
929,929,汉阳区 观澜国际-6号楼
930,930,江岸区 武汉铁路黄埔住宅小区
931,931,青山区 钢都花园123街坊-1栋
932,932,武昌区 杨园街道电力新村社区
933,933,江夏区 凤凰花园-3期
934,934,江岸区 劳动新村
935,935,洪山区 狮城公寓
936,936,武昌区 汇文新都
937,937,青山区 碧苑花园-21栋
938,938,江岸区 江岸君安花园-7号楼
939,939,青山区 58街坊
940,940,东西湖区 航天银湖湾
941,941,汉阳区 名流公馆-303栋
942,942,江岸区 模范新村-61号楼
943,943,江岸区 融科天城
944,944,洪山区 康桥小区
945,945,武昌区 首义小区
946,946,江岸区 京汉花园
947,947,武昌区 湖北大学-5区
948,948,江岸区 融科天城
949,949,江岸区 建设新村
950,950,汉阳区 王家湾商圈-1号楼
951,951,汉阳区 铁桥新家园
952,952,洪山区 东湖庭园
953,953,黄陂区 滠水春晓
954,954,江岸区 融科天城
955,955,江岸区 航天双城-7栋
956,956,江岸区 融科天城
957,957,洪山区 武汉市左岭新城玉泉社区-3栋
958,958,洪山区 铁机西区
959,959,江岸区 黄浦公馆
960,960,洪山区 阳光尚东
961,961,洪山区 北港教师小区
962,962,~口区 天勤花园
963,963,汉阳区 汉城花园
964,964,江岸区 江大路工科院小区
965,965,~口区 同馨花园-二期
966,966,江岸区 景兰苑
967,967,洪山区 金银岛花园
968,968,青山区 八大家花园43街坊-20栋
969,969,黄陂区 杨家岗-91号楼
970,970,洪山区 半山庭院
971,971,武昌区 友谊国际1期6栋
972,972,~口区 阮家台铁路住宅区
973,973,江汉区 香缇美景
974,974,江岸区 金地・京汉1903-B座
975,975,青山区 泰乐小区-32号楼
976,976,蔡甸区 三五四一社区
977,977,汉阳区 御水华城
978,978,武昌区 幸福里小区
979,979,~口区 香港映象
980,980,洪山区 葛洲坝世纪花园-二期
981,981,~口区 天宇盛世滨江
982,982,武昌区 幸福里小区
983,983,汉阳区 十里景秀-16栋
984,984,汉阳区 锦绣仙山-一期
985,985,江岸区 沈阳社区
986,986,~口区 武汉市汉正街华贸商城-1号楼
987,987,洪山区 花城家园-桂园
988,988,汉阳区 七里香苑
989,989,青山区 武东陆鹞小区
990,990,汉阳区 燕归园-5号楼
991,991,洪山区 万科金色城市
992,992,武昌区 秦园居
993,993,江汉区 常青四垸
994,994,江汉区 东方现代花园
995,995,汉阳区 世茂锦绣长江-3期
996,996,洪山区 玲珑汇小区
997,997,汉阳区 桥机嘉园-4栋
998,998,江岸区 育才二村-24号楼
999,999,~口区 龙湖冠寓(武汉千禧城店)
1000,1000,青山区 二街社区1幢
1001,1001,洪山区 保利公园九里
1002,1002,汉阳区 和平新村-53号楼
1003,1003,武昌区 澜桥公馆-6号楼
1004,1004,东西湖区 常青花园十小区
1005,1005,汉阳区 桥机嘉园
1006,1006,汉阳区 水岸人家小区-3号楼
1007,1007,武昌区 洪山路70号-1栋
1008,1008,江岸区 十大家・世纪城-3栋
1009,1009,江夏区 豹驶菇ㄐ∏6期
1010,1010,汉阳区 世茂锦绣长江5期
1011,1011,江汉区 紫晶城小区
1012,1012,武昌区 梅隐寺社区
1013,1013,江岸区 珞珈山街住宅区
1014,1014,江岸区 融科天城
1015,1015,汉阳区 观澜国际-6号楼
1016,1016,武昌区 逸居苑
1017,1017,江岸区 温馨苑-AB区
1018,1018,汉阳区 江腾苑-A1区
1019,1019,洪山区 金地中心城
1020,1020,武昌区 城南新居
1021,1021,武昌区 武太闸经济适用房39-40号楼
1022,1022,青山区 南洋金谷
1023,1023,黄陂区 百合佳园
1024,1024,江岸区 丹水嘉苑
1025,1025,~口区 宝丰三村
1026,1026,~口区 天顺园九组团
1027,1027,江夏区 金地花园小区
1028,1028,青山区 新奥・依江畔园-10号楼
1029,1029,洪山区 鹏程国际
1030,1030,洪山区 清江山水
1031,1031,洪山区 鹏程蕙园
1032,1032,汉阳区 和平新村-53号楼
1033,1033,武昌区 北环路小区
1034,1034,洪山区 城开东沙花园-南区
1035,1035,洪山区 欧洲花园
1036,1036,洪山区 珞南街街道口社区
1037,1037,青山区 现代花园
1038,1038,洪山区 葛洲坝世纪花园-1期
1039,1039,~口区 地质村-29号楼
1040,1040,江汉区 航空村-130号楼
1041,1041,汉阳区 五里汉城
1042,1042,汉阳区 观澜高尔夫公馆-10号楼
1043,1043,江汉区 水仙里社区-13栋
1044,1044,洪山区 和盛世家(梨园侧路)
1045,1045,东西湖区 凯旋名居
1046,1046,江岸区 新地・东方华府-4栋
1047,1047,汉阳区 蓝江家园-C栋
1048,1048,江汉区 焕英里-6号楼
1049,1049,青山区 绿地香树花城
1050,1050,武昌区 怡景园-5号楼
1051,1051,~口区 宝康苑
1052,1052,~口区 集贤里
1053,1053,汉阳区 邵牛湾-126号楼
1054,1054,江汉区 大龙社区
1055,1055,青山区 公园家-12幢
1056,1056,~口区 民意社区
1057,1057,汉阳区 芳草苑
1058,1058,汉阳区 瑞园小区
1059,1059,~口区 盛世长丰
1060,1060,武昌区 汇东佳韵
1061,1061,~口区 崇仁小区
1062,1062,汉阳区 花前树下-7号楼
1063,1063,江岸区 融科天城
1064,1064,武昌区 后补街-37号楼
1065,1065,洪山区 铁机东区
1066,1066,黄陂区 恒大龙城
1067,1067,汉阳区 倒口南村
1068,1068,武昌区 建设新村-190号楼
1069,1069,武昌区 新宇佳苑-2号楼
1070,1070,江岸区 尚德里-9号楼
1071,1071,武昌区 黄鹤楼小区
1072,1072,武昌区 八一路铁路小区
1073,1073,武昌区 法苑小区
1074,1074,~口区 利北社区
1075,1075,青山区 八大家花园43街坊-20栋
1076,1076,汉阳区 华润中央公园-二期
1077,1077,青山区 101街坊物业小区
1078,1078,江汉区 香缇美景
1079,1079,洪山区 左岭新城第一社区
1080,1080,东西湖区 革新小区
1081,1081,武昌区 武昌区粮道街道中医社区
1082,1082,汉阳区 汉阳1889
1083,1083,江岸区 汉口新城公园世家
1084,1084,东西湖区 金山小区
1085,1085,洪山区 毛坦港湾A区-10栋
1086,1086,洪山区 阳光在线-22栋
1087,1087,武昌区 中南电力设计院第二生活区
1088,1088,江岸区 西马名仕-7号楼
1089,1089,青山区 美地家园
1090,1090,青山区 临江社区
1091,1091,~口区 华生・汉口城市广场-北区
1092,1092,武昌区 金沙苑
1093,1093,汉南区 幸福家园(兴城大道)
1094,1094,江汉区 精武路37号楼
1095,1095,东西湖区 立方时空
1096,1096,江岸区 方舟花园
1097,1097,江岸区 城开天兴花园
1098,1098,洪山区 东湖景园-B区
1099,1099,~口区 汇丰企业总部-6栋
1100,1100,洪山区 阳光社区
1101,1101,青山区 虹蔚社区-6幢
1102,1102,江汉区 福星惠誉・福星城-北区
1103,1103,江汉区 工人新村
1104,1104,汉阳区 鹦鹉花园
1105,1105,江岸区 华港苑
1106,1106,江汉区 前进一里-13号楼
1107,1107,not sure
1108,1108,武昌区 合汇佳苑
1109,1109,汉阳区 汉博佳园
1110,1110,江汉区 富康花园-4幢
1111,1111,~口区 武汉市汉正街华贸商城-1号楼
1112,1112,青山区 石化一生活区-1号楼
1113,1113,洪山区 徐东村小区
1114,1114,汉阳区 佳兆业滨江壹号
1115,1115,汉阳区 玫瑰园西村
1116,1116,汉阳区 陶馨园
1117,1117,洪山区 融海杰座
1118,1118,洪山区 城投瀚城摩卡公馆
1119,1119,武昌区 中泰花园
1120,1120,东西湖区 将军家苑
1121,1121,武昌区 胭脂庭院
1122,1122,洪山区 华城新都
1123,1123,江岸区 伟英里-11号楼
1124,1124,武昌区 楚天都市雅园
1125,1125,洪山区 东方雅园-三期
1126,1126,江岸区 融科天城
1127,1127,江夏区 平安光谷春天-1栋
1128,1128,汉阳区 龙阳1号
1129,1129,汉阳区 水仙里57附-3号楼
1130,1130,江岸区 雅致社区
1131,1131,汉阳区 翠微福苑
1132,1132,青山区 钢花村街118社区
1133,1133,江岸区 石桥花园-1期
1134,1134,青山区 钢都花园123街坊-1栋
1135,1135,汉阳区 华发未来荟
1136,1136,江岸区 宝润里-1号楼
1137,1137,江岸区 文卉苑
1138,1138,武昌区 涂家沟
1139,1139,洪山区 洪福家园
1140,1140,洪山区 北港教师小区
1141,1141,武昌区 张家湾小区-54栋
1142,1142,武昌区 安居苑小区
1143,1143,江岸区 统建新干线
1144,1144,江汉区 雅典居-B座号楼
1145,1145,~口区 融侨锦江
1146,1146,武昌区 花堤街社区-2栋
1147,1147,东西湖区 南山家园
1148,1148,汉阳区 万科汉阳国际-A区
1149,1149,汉阳区 芳卉园-29栋
1150,1150,洪山区 紫菘・枫林上城
1151,1151,青山区 58街坊
1152,1152,青山区 新奥・依江畔园-10号楼
1153,1153,武昌区 宁馨苑
1154,1154,青山区 八大家花园43街坊-20栋
1155,1155,武昌区 梅花苑-1栋
1156,1156,武昌区 武车五村小区
1157,1157,江汉区 福星惠誉・福星城-15栋
1158,1158,洪山区 保利花园
1159,1159,洪山区 福星惠誉东湖城-2期
1160,1160,武昌区 民主路二村-14号楼
1161,1161,江岸区 星悦城-二期
1162,1162,洪山区 东湖庭园
1163,1163,江岸区 武汉武汉江岸区
1164,1164,江汉区 复兴新村小区
1165,1165,武昌区 北港佳和云居-11号楼
1166,1166,~口区 长华公寓
1167,1167,江汉区 仁厚里-43号楼
1168,1168,江夏区 世纪花园6楼
1169,1169,江汉区 福星惠誉・福星城-19栋
1170,1170,洪山区 观庭・金色世家-A区
1171,1171,东西湖区 金山小区
1172,1172,洪山区 鑫宇花园
1173,1173,洪山区 南望山庄
1174,1174,东湖 玉龙岛花园
1175,1175,青山区 翠园社区-6栋
1176,1176,武昌区 沈家湾花园小区
1177,1177,洪山区 光谷青年城
1178,1178,青山区 虹蔚社区-6幢
1179,1179,洪山区 武汉大学珞桂小区
1180,1180,江岸区 百合苑
1181,1181,武昌区 楚天都市花园-D座
1182,1182,武昌区 肖山矶20号楼
1183,1183,汉阳区 名流公馆
1184,1184,汉阳区 鹦鹉花园
1185,1185,~口区 天顺园六组团
1186,1186,江汉区 逸安公寓
1187,1187,汉阳区 玫瑰园西村-132号楼
1188,1188,江岸区 幸源・雅城
1189,1189,~口区 正康花园-1栋
1190,1190,~口区 紫润明园
1191,1191,江岸区 融科天城-1期
1192,1192,武昌区 南湖花园温馨苑(瑞安街)
1193,1193,武昌区 奥山・创意街区-3栋
1194,1194,汉阳区 海伦春天-四期
1195,1195,江岸区 福星惠誉榜YOUNG小区
1196,1196,洪山区 华中师范大学西区学生宿舍-2号
1197,1197,~口区 赛达国际
1198,1198,汉阳区 观澜国际
1199,1199,汉阳区 金地澜菲溪岸
1200,1200,青山区 钢都花园-124街坊
1201,1201,武昌区 万福林
1202,1202,~口区 盛世长丰
1203,1203,江岸区 声直大厦-A座
1204,1204,江岸区 黄埔佳苑
1205,1205,武昌区 丁字桥向阳佳苑-A区
1206,1206,武昌区 湖北中医药大学-7号楼
1207,1207,江岸区 先锋里-2号楼
1208,1208,洪山区 东亭新嘉源
1209,1209,~口区 桂苑西村
1210,1210,汉阳区 邵牛湾-126号楼
1211,1211,~口区 古田社区
1212,1212,~口区 汉水三村小区
1213,1213,江岸区 方舟花园
1214,1214,洪山区 阳光社区
1215,1215,武昌区 秦园居
1216,1216,江岸区 丹水国际-1号楼
1217,1217,汉阳区 七里新村
1218,1218,~口区 时代天骄
1219,1219,洪山区 鸿桂苑-北区
1220,1220,武昌区 百瑞景中央生活区东二区西区-10栋
1221,1221,洪山区 徐东朗苑
1222,1222,武昌区 中泰花园
1223,1223,汉阳区 龙江庭院C小区-12栋
1224,1224,青山区 红钢城五街坊
1225,1225,江汉区 福星华府
1226,1226,江岸区 模范新村-36号楼
1227,1227,洪山区 政院小区
1228,1228,青山区 三弓路社区武冶小区
1229,1229,洪山区 徐东馨苑
1230,1230,青山区 58街坊
1231,1231,武昌区 红旗欣居-D区
1232,1232,江汉区 金色雅园
1233,1233,江岸区 文卉苑
1234,1234,洪山区 金地・中心城-西区
1235,1235,江岸区 花桥二村社区
1236,1236,~口区 金地悦江时代-1号楼
1237,1237,汉阳区 华发未来荟
1238,1238,汉阳区 荷塘月色
1239,1239,~口区 时代天骄
1240,1240,汉阳区 名流公馆-NK4区
1241,1241,江岸区 跃进家园-A区
1242,1242,江岸区 华森佳园
1243,1243,武昌区 梅花苑-1栋
1244,1244,新洲区 文化里-8号楼
1245,1245,~口区 团结佳兴园
1246,1246,江岸区 模范新村-61号楼
1247,1247,武昌区 鼓架坡小区
1248,1248,东西湖区 吴家山田园里
1249,1249,汉阳区 米粮新家园-14栋
1250,1250,江夏区 天祥尚府
1251,1251,江岸区 雅致社区
1252,1252,青山区 江南春城-17栋
1253,1253,洪山区 蓝晶绿洲
1254,1254,洪山区 鹏程蕙园
1255,1255,武昌区 西厂口社区
1256,1256,江岸区 东勤佳苑
1257,1257,武昌区 烽火・尚品虹城-4栋
1258,1258,汉阳区 汉沙社区
1259,1259,江岸区 星悦城三期-5栋
1260,1260,武昌区 丁字桥向阳佳苑-B区
1261,1261,武昌区 戈甲营社区鸿华花园小区
1262,1262,江岸区 百合苑
1263,1263,武昌区 华润置地橡树湾二期-B5栋
1264,1264,江岸区 安居苑
1265,1265,江汉区 天润・北湖假日花园-5栋
1266,1266,~口区 顺天泰-2号楼
1267,1267,洪山区 九峰街・景源里社区
1268,1268,汉阳区 王家湾顶绣广场
1269,1269,武昌区 世纪彩城
1270,1270,~口区 吃酶
1271,1271,青山区 冶建花园
1272,1272,洪山区 鑫园(祥丰路)
1273,1273,新洲区 红旗广场-2栋
1274,1274,汉阳区 世纪龙城
1275,1275,汉阳区 观澜国际-6号楼
1276,1276,江汉区 红光里-4号楼
1277,1277,洪山区 东湖庭园
1278,1278,江岸区 尚德里
1279,1279,洪山区 北港教师小区
1280,1280,江汉区 万松园雪松路小区
1281,1281,武昌区 雄楚春天
1282,1282,~口区 广电兰亭荣荟
1283,1283,~口区 云鹤小区
1284,1284,汉阳区 十里景秀-14栋
1285,1285,汉阳区 世茂锦绣长江4期-10A栋
1286,1286,~口区 赛达国际
1287,1287,汉阳区 博大星光国际
1288,1288,江岸区 西马名仕-7号楼
1289,1289,江汉区 航空社区
1290,1290,江汉区 燕马小区
1291,1291,东西湖区 沿海丽水佳园
1292,1292,汉阳区 锦绣雅苑
1293,1293,江汉区 天嘉园
1294,1294,江汉区 姑嫂树路32号楼
1295,1295,江岸区 台北沁园-1栋
1296,1296,江岸区 育才一村-102号楼
1297,1297,江岸区 幸福人家
1298,1298,武昌区 友谊国际1期6栋
1299,1299,武昌区 欧景苑五期-B栋
1300,1300,~口区 华润・翡翠城-一期
1301,1301,武昌区 水岸国际・SOHO公寓
1302,1302,武昌区 南湖新村
1303,1303,汉阳区 江景园
1304,1304,~口区 玉带三村
1305,1305,洪山区 花城家园-桂园
1306,1306,洪山区 鹿鸣苑
1307,1307,洪山区 花山街道碧桂园社区
1308,1308,青山区 钢花117社区-一冶116片
1309,1309,~口区 桂苑西村
1310,1310,江岸区 中森华国际城
1311,1311,江岸区 台北沁园-1栋
1312,1312,江汉区 航空村-130号楼
1313,1313,黄陂区 恒大名都
1314,1314,武昌区 佳馨花园-4栋
1315,1315,青山区 冶金105街坊物业小区
1316,1316,汉阳区 南静苑小区
1317,1317,武昌区 嘉园大厦-12栋
1318,1318,~口区 全新社区-E栋楼
1319,1319,武昌区 锦绣中北
1320,1320,江岸区 同鑫花园
1321,1321,~口区 锦荣花园
1322,1322,洪山区 红霞雅苑
1323,1323,~口区 金地悦江时代-1号楼
1324,1324,江汉区 天润・北湖假日花园-5栋
1325,1325,江岸区 东勤佳苑
1326,1326,青山区 冶建花园
1327,1327,洪山区 金地自在城K3-4栋
1328,1328,江岸区 怡美广场
1329,1329,江汉区 万松园雪松路小区
1330,1330,青山区 钢花117社区-一冶116片
1331,1331,~口区 古雅社区
1332,1332,新洲区 港堪湾-1号楼
1333,1333,~口区 江山如画5期-7栋
1334,1334,蔡甸区 海伦小镇
1335,1335,青山区 钢花117社区-一冶116片
1336,1336,青山区 钢都花园-127街坊
1337,1337,江岸区 江汉北村-18号楼
1338,1338,汉阳区 御水华城
1339,1339,东西湖区 将军家苑
1340,1340,~口区 凌云花园
1341,1341,江岸区 光华社区-2栋
1342,1342,汉阳区 赏新园
1343,1343,洪山区 左岭新城第一社区
1344,1344,江汉区 民航小区
1345,1345,武昌区 奥山创意街区-1号楼
1346,1346,汉阳区 汉商银座购物中心-C栋
1347,1347,江汉区 景江华庭-C栋
1348,1348,江汉区 都会轩-1座
1349,1349,洪山区 保利时代北区-3栋
1350,1350,江岸区 常阳・永清城-3栋
1351,1351,青山区 八大家花园43街坊-20栋
1352,1352,江汉区 中城悦城
1353,1353,汉阳区 新长江・香榭琴台墨园
1354,1354,~口区 全新社区-E栋楼
1355,1355,~口区 蓝光林肯公园
1356,1356,武昌区 景虹花园
1357,1357,江岸区 统建大江园-南苑
1358,1358,洪山区 毛坦港湾A区-10栋
1359,1359,武昌区 中力名居-3栋
1360,1360,江岸区 田园小区
1361,1361,汉阳区 洲头二村-127号楼
1362,1362,汉阳区 邵牛湾-126号楼
1363,1363,汉阳区 邵牛湾-126号楼
1364,1364,青山区 招商一江Z城
1365,1365,洪山区 洪山区哈乐城-a1栋
1366,1366,武昌区 水陆小区
1367,1367,洪山区 武南新村
1368,1368,江汉区 济生新村-22号楼
1369,1369,汉阳区 金地澜菲溪岸
1370,1370,江夏区 当代国际花园-C座
1371,1371,青山区 106街坊小区
1372,1372,江岸区 温馨苑-AB区
1373,1373,汉阳区 碧水晴天
1374,1374,洪山区 欢乐星城-3栋
1375,1375,武昌区 南湖都市桃源
1376,1376,汉阳区 邵牛湾-126号楼
1377,1377,汉阳区 玫瑰园西村-132号楼
1378,1378,江岸区 阳春阁社区
1379,1379,江岸区 长青广场
1380,1380,武昌区 友谊国际1期6栋
1381,1381,汉阳区 水岸人家小区-1号楼
1382,1382,江岸区 江岸君安花园-7号楼
1383,1383,江汉区 精武路37号楼
1384,1384,江岸区 紫御公馆
1385,1385,新洲区 向阳村湾-8号楼
1386,1386,青山区 新奥・依江畔园-10号楼
1387,1387,武昌区 东亭小区
1388,1388,武昌区 水域天际-1栋
1389,1389,not sure
1390,1390,武昌区 汇文新都
1391,1391,江岸区 石桥花园-1期
1392,1392,洪山区 红旗欣居-C区
1393,1393,青山区 青宜居
1394,1394,武昌区 华润置地橡树湾二期-B5栋
1395,1395,江岸区 兴业国际
1396,1396,~口区 同馨花园
1397,1397,江汉区 天润・北湖假日花园-5栋
1398,1398,青山区 现代花园-B区
1399,1399,武昌区 百瑞景中央花园街
1400,1400,江岸区 竹叶苑
1401,1401,江岸区 武汉武汉江岸区
1402,1402,汉阳区 福星惠誉福园
1403,1403,江岸区 惠康居
1404,1404,东西湖区 沿海丽水佳园
1405,1405,蔡甸区 升官渡社区
1406,1406,青山区 武汉恒大御府
1407,1407,~口区 桥北社区
1408,1408,江汉区 都会轩-1座
1409,1409,~口区 云鹤小区
1410,1410,武昌区 丰收小区
1411,1411,汉阳区 汉阳惠民苑
1412,1412,武昌区 首义新村
1413,1413,~口区 紫润明园
1414,1414,汉阳区 汉阳城
1415,1415,江汉区 邮政小区
1416,1416,武昌区 徐东小区
1417,1417,江汉区 九通汽车工业园北门-9号楼
1418,1418,洪山区 爱家国际华城
1419,1419,武昌区 欧景苑五期-B栋
1420,1420,~口区 融侨锦江
1421,1421,江汉区 华苑小区
1422,1422,东西湖区 心斋桥
1423,1423,汉阳区 赛博思黄金口岸
1424,1424,~口区 天宇盛世滨江
1425,1425,洪山区 东方雅园-三期
1426,1426,江岸区 同福社区
1427,1427,江岸区 融科天城
1428,1428,青山区 现代花园-A区
1429,1429,江岸区 万锦江城15
1430,1430,江岸区 育才三村
1431,1431,~口区 名仕阁-1栋
1432,1432,汉阳区 梅家巷-15号楼
1433,1433,汉阳区 名流公馆
1434,1434,~口区 宝康苑
1435,1435,洪山区 东湖庭园
1436,1436,汉阳区 琴断岭-171号楼
1437,1437,not sure
1438,1438,武昌区 北环路小区
1439,1439,武昌区 楚天都市花园-D座
1440,1440,蔡甸区 海伦小镇
1441,1441,武昌区 西厂口社区
1442,1442,江岸区 幸福湾星润
1443,1443,汉阳区 江欣苑
1444,1444,洪山区 梨园小区
1445,1445,江汉区 永丰里小区
1446,1446,江岸区 堤角小区
1447,1447,汉阳区 朗星巷-8号楼
1448,1448,~口区 云鹤园
1449,1449,汉阳区 合汇景苑
1450,1450,~口区 天顺园六组团
1451,1451,江夏区 金地・艺境
1452,1452,江岸区 星悦城三期-5栋
1453,1453,武昌区 武汉音乐学院-家属区9栋
1454,1454,江岸区 百合苑
1455,1455,江岸区 融科天城
1456,1456,武昌区 蓝湾俊园
1457,1457,江岸区 宝岛社区
1458,1458,汉阳区 汉水尚庭
1459,1459,青山区 青康居-1栋
1460,1460,东西湖区 融泰・嘉境
1461,1461,江岸区 声直大厦-A座
1462,1462,武昌区 君临天下
1463,1463,江岸区 东勤佳苑
1464,1464,~口区 华鼎・丽都国际-3栋
1465,1465,洪山区 华腾园
1466,1466,武昌区 江零社区-12栋
1467,1467,汉阳区 七里二村
1468,1468,汉阳区 桃花岛城市花园
1469,1469,~口区 丽景苑小区
1470,1470,武昌区 安顺星苑-3栋
1471,1471,汉阳区 五琴里社区
1472,1472,洪山区 百胜青城壹品
1473,1473,江汉区 人智里-43号楼
1474,1474,汉阳区 钰龙湾汇园
1475,1475,武昌区 洪山路70号-1栋
1476,1476,黄陂区 日月山水
1477,1477,江岸区 模范一村1附-1号楼
1478,1478,汉阳区 颐翠苑
1479,1479,洪山区 观庭・金色世家-A区
1480,1480,江岸区 融科天城
1481,1481,洪山区 恒大华府-北区
1482,1482,武昌区 武车七村
1483,1483,江岸区 滨江苑-二期
1484,1484,汉阳区 龙江庭院
